{
  "providers": [
    {
      "type": "bitmap",
      "file": "minecraft:textures/font/topbook_flash_1.png",
      "ascent": 256,
      "height": 256,
      "chars": [
        ""
      ]
    },
    {
      "type": "bitmap",
      "file": "minecraft:textures/font/topbook_flash_2.png",
      "ascent": 256,
      "height": 256,
      "chars": [
        ""
      ]
    },
    {
      "type": "bitmap",
      "file": "minecraft:textures/font/topbook_flash_3.png",
      "ascent": 256,
      "height": 256,
      "chars": [
        ""
      ]
    }
  ]
}